{"id":"SERVICE_DEFINITION_MODEL-c69b3718-58c7-4b3c-bd04-8a673185ce8f","name":"Exercise 2: Credit Card Service","key":"exercise2","description":"","tenantId":"default","editorJson":{"type":"expression","operations":[{"name":"Charge Credit Card","key":"chargeCreditCard","inputParameters":[{"displayName":"Credit Card Number","name":"cardNumber","mappingName":"cardNumber","required":true,"type":"string"},{"displayName":"Amount","name":"amount","mappingName":"amount","required":true,"type":"double"}],"outputParameters":[{"displayName":"Transaction Number","name":"transactionNumber","nullValueConfig":"setToNull","missingValueConfig":"ignore","type":"string","mappingName":"transactionNumber"},{"displayName":"Fee","name":"fee","nullValueConfig":"setToNull","missingValueConfig":"ignore","type":"double","mappingName":"fee"}],"config":{"expression":"${creditCardService.charge(cardNumber, amount)}"},"type":"create"}]}}