{"id":"APP_MODEL-1124dc71-296f-492c-926c-ea35e6e7e544","name":"Exercise 7: Scooter Company","key":"exercise7","description":"","editorJson":{"cmmnModels":[{"id":"CASE_MODEL-a5238204-6ab7-4738-b825-f6dd6e655b34","name":"Scooter","version":2,"modelType":5,"description":"","createdBy":"admin","lastUpdatedBy":"admin","lastUpdated":"2022-04-25T13:39:23.455+00:00","key":"scooter","tenantId":"default","tags":[]}],"pages":[{"id":"PAGE_MODEL-2a4fcae2-8fc1-4a03-b078-5a3eea9fc859","name":"Scooter List","version":11,"modelType":9,"description":"","createdBy":"admin","lastUpdatedBy":"admin","lastUpdated":"2022-04-25T14:00:51.358+00:00","key":"scooterList","tenantId":"default","tags":[],"label":"Scooter List","url":"scooterList","i18n":{}}],"theme":"theme-1","icon":"glyphicon-asterisk","name":"Exercise 7: Scooter Company","key":"exercise7","flowApp":true,"i18n":{}}}