{"id":"CASE_MODEL-a5238204-6ab7-4738-b825-f6dd6e655b34","name":"Scooter","key":"scooter","description":"","tenantId":"default","editorJson":{"resourceId":"editor_CASE_MODEL-a5238204-6ab7-4738-b825-f6dd6e655b34","stencil":{"id":"CASEDiagram"},"pathProperties":{},"pathMappingProperties":{},"xmlProperties":["casesequence","casesequence-run","casesequencevariablename","casesequencevariablename-run","caseinstancename","caseinstancename_en_us","caseinstancename_en_us-run","caseinstancename_it_it","caseinstancename_it_it-run","caseinstancename_es_es","caseinstancename_es_es-run","caseinstancename_fr_fr","caseinstancename_fr_fr-run","caseinstancename_de_de","caseinstancename_de_de-run","caseinstancename-run","caseinstancename_i18n-key","caseinstancebusinessstatus","caseinstancebusinessstatus-run","caseinstancebusinesskey","caseinstancebusinesskey-run"],"childShapes":[{"resourceId":"onecaseplanmodel1","stencil":{"id":"CasePlanModel"},"pathProperties":{},"pathMappingProperties":{},"xmlProperties":["planitemlifecyclelisteners","autocomplete","autocomplete-run"],"childShapes":[{"resourceId":"humanTask1","stencil":{"id":"Task"},"pathProperties":{},"pathMappingProperties":{},"xmlProperties":["planitemlifecyclelisteners","repetitionvariableaggregation","exposetoobjectitems","exposeasmessageitems","exposehumantaskasmessageitems","exposehumantasktoobjectitems"],"childShapes":[],"bounds":{"lowerRight":{"x":325,"y":260},"upperLeft":{"x":225,"y":180}},"specialproperties":{"startformreference":{"type":"treeview"},"form_entry":{"type":"treeview"},"securitypolicy":{"type":"treeview"}},"outputmappingproperties":{"planitemlifecyclelisteners":{"type":"complex","placeholders":[]},"repetitionvariableaggregation":{"type":"formlist","placeholders":[]},"exposetoobjectitems":{"type":"complex","placeholders":[]},"exposeasmessageitems":{"type":"complex","placeholders":[]},"exposehumantaskasmessageitems":{"type":"complex","placeholders":[]},"exposehumantasktoobjectitems":{"type":"complex","placeholders":[]},"taskinputmappings":{"type":"complex","placeholders":[]},"tasklistener":{"type":"complex","placeholders":[]}},"properties":{"stencilid":"HumanTask","stencilsuperid":"Task","stencilsuperids":["Task"],"customstencil":false,"bordercolor":"#000000","notes":"","planitemlifecyclelisteners":"","required":false,"required-run":"","repetition":true,"repetition-run":"","repetitioncountervariablename":"repetitionCounter","maxinstancecount":"unlimited","collectionvariable":"","elementvariable":"","elementindexvariable":"","repetitionvariableaggregation":"","manualactivation":true,"manualactivation-run":"","startformreference":"","startformsamedeployment":true,"startformfieldvalidation":false,"formfieldvalidation-run":"","manualactivationpermissiongroups":"","manualactivationpermissiongroups-run":"","manualactivationname":"","manualactivationname_en_us":"","manualactivationname_en_us-run":"","manualactivationname_it_it":"","manualactivationname_it_it-run":"","manualactivationname_es_es":"","manualactivationname_es_es-run":"","manualactivationname_fr_fr":"","manualactivationname_fr_fr-run":"","manualactivationname_de_de":"","manualactivationname_de_de-run":"","manualactivationname-run":"","manualactivationname_i18n-key":"","manualactivationchannels":"","manualactivationchannels-run":"","manualactivationpriority":"","manualactivationpriority-run":"","completionneutral":false,"completionneutral-run":"","impactparentcompletion":"default","bgcolor":"#ffffff","isblocking":true,"isblocking-run":"","includeinhistory":false,"id":"humanTask1","name":"Repair","name_en_us":"Repair","name_it_it":"","name_es_es":"","name_fr_fr":"","name_de_de":"","name_i18n-key":"","description":"","fontsize":"12","fontweight":"normal","fontstyle":"normal","fontcolor":"#000000","async":false,"exclusive":true,"itemdirectactivationcondition":"","itemdirectactivationcondition-run":"","itemignoreactivationcondition":"","itemignoreactivationcondition-run":"","itemdefaultactivationcondition":"","itemdefaultactivationcondition-run":"","exposetoobjectitems":"","exposeasmessageitems":"","exposehumantaskasmessageitems":"","exposehumantasktoobjectitems":"","customcaseviewheadersize":"","customcaseviewheadersize-run":"","availablestaterendering":"readOnly","activestaterendering":"fullAccess","completedstaterendering":"hidden","terminatedstaterendering":"hidden","owner":"","owner-run":"","assignee":"","assignee-run":"${initiator}","candidateusers":"","candidateusers-run":"","candidategroups":"","candidategroups-run":"","participantusers":"","participantusers-run":"","participantgroups":"","participantgroups-run":"","watcherusers":"","watcherusers-run":"","watchergroups":"","watchergroups-run":"","isdiscretionary":false,"applicabilityrule":"","tasktype":"human","name_en_us-run":"Repair","name_it_it-run":"","name_es_es-run":"","name_fr_fr-run":"","name_de_de-run":"","name-run":"Repair","form_entry":"","samedeployment":true,"formfieldvalidation":false,"taskidvariablename":"","securitypolicy":"","priority":"","duedate":"","taskinputmappingtype":"allowed","taskinputmappings":"","tasklistener":"","customfolderpath":"","categorydefinition":"","candidatestype":"all","exposetocaseview":"","elementlabel":"","elementlabel_en_us":"","elementlabel_it_it":"","elementlabel_es_es":"","elementlabel_fr_fr":"","elementlabel_de_de":"","elementlabel_i18n-key":"","elementicon":"","elementindex":""},"ssextensions":[],"outgoing":[],"dockers":[],"labels":[{"styles":{"fill":"#000000","size":"12","italic":false,"bold":false},"ref":"text_name"}]},{"resourceId":"humanTask2","stencil":{"id":"Task"},"pathProperties":{},"pathMappingProperties":{},"xmlProperties":["planitemlifecyclelisteners","repetitionvariableaggregation","exposetoobjectitems","exposeasmessageitems","exposehumantaskasmessageitems","exposehumantasktoobjectitems"],"childShapes":[],"bounds":{"lowerRight":{"x":475,"y":260},"upperLeft":{"x":375,"y":180}},"specialproperties":{"startformreference":{"type":"treeview"},"form_entry":{"type":"treeview"},"securitypolicy":{"type":"treeview"}},"outputmappingproperties":{"planitemlifecyclelisteners":{"type":"complex","placeholders":[]},"repetitionvariableaggregation":{"type":"formlist","placeholders":[]},"exposetoobjectitems":{"type":"complex","placeholders":[]},"exposeasmessageitems":{"type":"complex","placeholders":[]},"exposehumantaskasmessageitems":{"type":"complex","placeholders":[]},"exposehumantasktoobjectitems":{"type":"complex","placeholders":[]},"taskinputmappings":{"type":"complex","placeholders":[]},"tasklistener":{"type":"complex","placeholders":[]}},"properties":{"stencilid":"HumanTask","stencilsuperid":"Task","stencilsuperids":["Task"],"customstencil":false,"bordercolor":"#000000","notes":"","planitemlifecyclelisteners":"","required":false,"required-run":"","repetition":true,"repetition-run":"","repetitioncountervariablename":"repetitionCounter","maxinstancecount":"unlimited","collectionvariable":"","elementvariable":"","elementindexvariable":"","repetitionvariableaggregation":"","manualactivation":true,"manualactivation-run":"","startformreference":"","startformsamedeployment":true,"startformfieldvalidation":false,"formfieldvalidation-run":"","manualactivationpermissiongroups":"","manualactivationpermissiongroups-run":"","manualactivationname":"","manualactivationname_en_us":"","manualactivationname_en_us-run":"","manualactivationname_it_it":"","manualactivationname_it_it-run":"","manualactivationname_es_es":"","manualactivationname_es_es-run":"","manualactivationname_fr_fr":"","manualactivationname_fr_fr-run":"","manualactivationname_de_de":"","manualactivationname_de_de-run":"","manualactivationname-run":"","manualactivationname_i18n-key":"","manualactivationchannels":"","manualactivationchannels-run":"","manualactivationpriority":"","manualactivationpriority-run":"","completionneutral":false,"completionneutral-run":"","impactparentcompletion":"default","bgcolor":"#ffffff","isblocking":true,"isblocking-run":"","includeinhistory":false,"id":"humanTask2","name":"Rent","name_en_us":"Rent","name_it_it":"","name_es_es":"","name_fr_fr":"","name_de_de":"","name_i18n-key":"","description":"","fontsize":"12","fontweight":"normal","fontstyle":"normal","fontcolor":"#000000","async":false,"exclusive":true,"itemdirectactivationcondition":"","itemdirectactivationcondition-run":"","itemignoreactivationcondition":"","itemignoreactivationcondition-run":"","itemdefaultactivationcondition":"","itemdefaultactivationcondition-run":"","exposetoobjectitems":"","exposeasmessageitems":"","exposehumantaskasmessageitems":"","exposehumantasktoobjectitems":"","customcaseviewheadersize":"","customcaseviewheadersize-run":"","availablestaterendering":"readOnly","activestaterendering":"fullAccess","completedstaterendering":"hidden","terminatedstaterendering":"hidden","owner":"","owner-run":"","assignee":"","assignee-run":"${initiator}","candidateusers":"","candidateusers-run":"","candidategroups":"","candidategroups-run":"","participantusers":"","participantusers-run":"","participantgroups":"","participantgroups-run":"","watcherusers":"","watcherusers-run":"","watchergroups":"","watchergroups-run":"","isdiscretionary":false,"applicabilityrule":"","tasktype":"human","name_en_us-run":"Rent","name_it_it-run":"","name_es_es-run":"","name_fr_fr-run":"","name_de_de-run":"","name-run":"Rent","form_entry":"","samedeployment":true,"formfieldvalidation":false,"taskidvariablename":"","securitypolicy":"","priority":"","duedate":"","taskinputmappingtype":"allowed","taskinputmappings":"","tasklistener":"","customfolderpath":"","categorydefinition":"","candidatestype":"all","exposetocaseview":"","elementlabel":"","elementlabel_en_us":"","elementlabel_it_it":"","elementlabel_es_es":"","elementlabel_fr_fr":"","elementlabel_de_de":"","elementlabel_i18n-key":"","elementicon":"","elementindex":""},"ssextensions":[],"outgoing":[],"dockers":[],"labels":[{"styles":{"fill":"#000000","size":"12","italic":false,"bold":false},"ref":"text_name"}]},{"resourceId":"humanTask3","stencil":{"id":"Task"},"pathProperties":{},"pathMappingProperties":{},"xmlProperties":["planitemlifecyclelisteners","repetitionvariableaggregation","exposetoobjectitems","exposeasmessageitems","exposehumantaskasmessageitems","exposehumantasktoobjectitems"],"childShapes":[],"bounds":{"lowerRight":{"x":325,"y":381},"upperLeft":{"x":225,"y":301}},"specialproperties":{"startformreference":{"type":"treeview"},"form_entry":{"type":"treeview"},"securitypolicy":{"type":"treeview"}},"outputmappingproperties":{"planitemlifecyclelisteners":{"type":"complex","placeholders":[]},"repetitionvariableaggregation":{"type":"formlist","placeholders":[]},"exposetoobjectitems":{"type":"complex","placeholders":[]},"exposeasmessageitems":{"type":"complex","placeholders":[]},"exposehumantaskasmessageitems":{"type":"complex","placeholders":[]},"exposehumantasktoobjectitems":{"type":"complex","placeholders":[]},"taskinputmappings":{"type":"complex","placeholders":[]},"tasklistener":{"type":"complex","placeholders":[]}},"properties":{"stencilid":"HumanTask","stencilsuperid":"Task","stencilsuperids":["Task"],"customstencil":false,"bordercolor":"#000000","notes":"","planitemlifecyclelisteners":"","required":false,"required-run":"","repetition":true,"repetition-run":"","repetitioncountervariablename":"repetitionCounter","maxinstancecount":"unlimited","collectionvariable":"","elementvariable":"","elementindexvariable":"","repetitionvariableaggregation":"","manualactivation":true,"manualactivation-run":"","startformreference":"","startformsamedeployment":true,"startformfieldvalidation":false,"formfieldvalidation-run":"","manualactivationpermissiongroups":"","manualactivationpermissiongroups-run":"","manualactivationname":"","manualactivationname_en_us":"","manualactivationname_en_us-run":"","manualactivationname_it_it":"","manualactivationname_it_it-run":"","manualactivationname_es_es":"","manualactivationname_es_es-run":"","manualactivationname_fr_fr":"","manualactivationname_fr_fr-run":"","manualactivationname_de_de":"","manualactivationname_de_de-run":"","manualactivationname-run":"","manualactivationname_i18n-key":"","manualactivationchannels":"","manualactivationchannels-run":"","manualactivationpriority":"","manualactivationpriority-run":"","completionneutral":false,"completionneutral-run":"","impactparentcompletion":"default","bgcolor":"#ffffff","isblocking":true,"isblocking-run":"","includeinhistory":false,"id":"humanTask3","name":"Charge","name_en_us":"Charge","name_it_it":"","name_es_es":"","name_fr_fr":"","name_de_de":"","name_i18n-key":"","description":"","fontsize":"12","fontweight":"normal","fontstyle":"normal","fontcolor":"#000000","async":false,"exclusive":true,"itemdirectactivationcondition":"","itemdirectactivationcondition-run":"","itemignoreactivationcondition":"","itemignoreactivationcondition-run":"","itemdefaultactivationcondition":"","itemdefaultactivationcondition-run":"","exposetoobjectitems":"","exposeasmessageitems":"","exposehumantaskasmessageitems":"","exposehumantasktoobjectitems":"","customcaseviewheadersize":"","customcaseviewheadersize-run":"","availablestaterendering":"readOnly","activestaterendering":"fullAccess","completedstaterendering":"hidden","terminatedstaterendering":"hidden","owner":"","owner-run":"","assignee":"","assignee-run":"${initiator}","candidateusers":"","candidateusers-run":"","candidategroups":"","candidategroups-run":"","participantusers":"","participantusers-run":"","participantgroups":"","participantgroups-run":"","watcherusers":"","watcherusers-run":"","watchergroups":"","watchergroups-run":"","isdiscretionary":false,"applicabilityrule":"","tasktype":"human","name_en_us-run":"Charge","name_it_it-run":"","name_es_es-run":"","name_fr_fr-run":"","name_de_de-run":"","name-run":"Charge","form_entry":"","samedeployment":true,"formfieldvalidation":false,"taskidvariablename":"","securitypolicy":"","priority":"","duedate":"","taskinputmappingtype":"allowed","taskinputmappings":"","tasklistener":"","customfolderpath":"","categorydefinition":"","candidatestype":"all","exposetocaseview":"","elementlabel":"","elementlabel_en_us":"","elementlabel_it_it":"","elementlabel_es_es":"","elementlabel_fr_fr":"","elementlabel_de_de":"","elementlabel_i18n-key":"","elementicon":"","elementindex":""},"ssextensions":[],"outgoing":[],"dockers":[],"labels":[{"styles":{"fill":"#000000","size":"12","italic":false,"bold":false},"ref":"text_name"}]},{"resourceId":"userEventListener1","stencil":{"id":"EventListener"},"pathProperties":{},"pathMappingProperties":{},"xmlProperties":["repetitionvariableaggregation","planitemlifecyclelisteners","exposetoobjectitems","exposeasmessageitems"],"childShapes":[],"bounds":{"lowerRight":{"x":590.249,"y":356.2505},"upperLeft":{"x":559.751,"y":325.7495}},"specialproperties":{"startformreference":{"type":"treeview"}},"outputmappingproperties":{"repetitionvariableaggregation":{"type":"formlist","placeholders":[]},"planitemlifecyclelisteners":{"type":"complex","placeholders":[]},"exposetoobjectitems":{"type":"complex","placeholders":[]},"exposeasmessageitems":{"type":"complex","placeholders":[]}},"properties":{"stencilid":"UserEventListener","stencilsuperid":"EventListener","stencilsuperids":["EventListener"],"customstencil":false,"bordercolor":"#000000","notes":"","required":false,"required-run":"","repetition":false,"repetition-run":"","repetitioncountervariablename":"repetitionCounter","maxinstancecount":"unlimited","collectionvariable":"","elementvariable":"","elementindexvariable":"","repetitionvariableaggregation":"","manualactivation":"","startformreference":"","startformsamedeployment":true,"startformfieldvalidation":false,"formfieldvalidation-run":"","manualactivationpermissiongroups":"","manualactivationpermissiongroups-run":"","manualactivationname":"","manualactivationname_en_us":"","manualactivationname_en_us-run":"","manualactivationname_it_it":"","manualactivationname_it_it-run":"","manualactivationname_es_es":"","manualactivationname_es_es-run":"","manualactivationname_fr_fr":"","manualactivationname_fr_fr-run":"","manualactivationname_de_de":"","manualactivationname_de_de-run":"","manualactivationname-run":"","manualactivationname_i18n-key":"","manualactivationchannels":"","manualactivationchannels-run":"","manualactivationpriority":"","manualactivationpriority-run":"","completionneutral":false,"completionneutral-run":"","impactparentcompletion":"default","planitemlifecyclelisteners":"","bgcolor":"#ffffff","id":"userEventListener1","name":"Dispose","name_en_us":"Dispose","name_it_it":"","name_es_es":"","name_fr_fr":"","name_de_de":"","name_i18n-key":"","description":"","fontsize":"12","fontweight":"normal","fontstyle":"normal","fontcolor":"#000000","availablecondition":"${cmmn:isStageCompletable()}","availablecondition-run":"${cmmn:isStageCompletable()}","includeinhistory":false,"itemdirectactivationcondition":"","itemdirectactivationcondition-run":"","itemignoreactivationcondition":"","itemignoreactivationcondition-run":"","itemdefaultactivationcondition":"","itemdefaultactivationcondition-run":"","eventlistenerpermissiongroups":"","eventlistenerpermissiongroups-run":"","eventlistenerpermissionusers":"","eventlistenerpermissionusers-run":"","eventlistenername":"","eventlistenername_en_us":"","eventlistenername_en_us-run":"","eventlistenername_it_it":"","eventlistenername_it_it-run":"","eventlistenername_es_es":"","eventlistenername_es_es-run":"","eventlistenername_fr_fr":"","eventlistenername_fr_fr-run":"","eventlistenername_de_de":"","eventlistenername_de_de-run":"","eventlistenername-run":"","eventlistenername_i18n-key":"","eventlistenerchannels":"","eventlistenerchannels-run":"","eventlistenerpriority":"","eventlistenerpriority-run":"","type":"","type-run":"","exposetoobjectitems":"","exposeasmessageitems":""},"ssextensions":[],"outgoing":[{"resourceId":"connector1"}],"dockers":[{"x":575,"y":341}],"labels":[{"styles":{"fill":"#000000","size":"12","italic":false,"bold":false},"ref":"text_name"}]},{"resourceId":"userEventListener2","stencil":{"id":"EventListener"},"pathProperties":{},"pathMappingProperties":{},"xmlProperties":["repetitionvariableaggregation","planitemlifecyclelisteners","exposetoobjectitems","exposeasmessageitems"],"childShapes":[],"bounds":{"lowerRight":{"x":470.249,"y":440.2505},"upperLeft":{"x":439.75100000000003,"y":409.7495}},"specialproperties":{"startformreference":{"type":"treeview"}},"outputmappingproperties":{"repetitionvariableaggregation":{"type":"formlist","placeholders":[]},"planitemlifecyclelisteners":{"type":"complex","placeholders":[]},"exposetoobjectitems":{"type":"complex","placeholders":[]},"exposeasmessageitems":{"type":"complex","placeholders":[]}},"properties":{"stencilid":"UserEventListener","stencilsuperid":"EventListener","stencilsuperids":["EventListener"],"customstencil":false,"bordercolor":"#000000","notes":"","required":false,"required-run":"","repetition":false,"repetition-run":"","repetitioncountervariablename":"repetitionCounter","maxinstancecount":"unlimited","collectionvariable":"","elementvariable":"","elementindexvariable":"","repetitionvariableaggregation":"","manualactivation":"","startformreference":{"id":"FORM_MODEL-1fd869d5-6f64-4f24-8de0-42f38eccdd82","key":"exercise7"},"startformsamedeployment":true,"startformfieldvalidation":false,"formfieldvalidation-run":"","manualactivationpermissiongroups":"","manualactivationpermissiongroups-run":"","manualactivationname":"","manualactivationname_en_us":"","manualactivationname_en_us-run":"","manualactivationname_it_it":"","manualactivationname_it_it-run":"","manualactivationname_es_es":"","manualactivationname_es_es-run":"","manualactivationname_fr_fr":"","manualactivationname_fr_fr-run":"","manualactivationname_de_de":"","manualactivationname_de_de-run":"","manualactivationname-run":"","manualactivationname_i18n-key":"","manualactivationchannels":"","manualactivationchannels-run":"","manualactivationpriority":"","manualactivationpriority-run":"","completionneutral":false,"completionneutral-run":"","impactparentcompletion":"default","planitemlifecyclelisteners":"","bgcolor":"#ffffff","id":"userEventListener2","name":"Assign Charger","name_en_us":"Assign Charger","name_it_it":"","name_es_es":"","name_fr_fr":"","name_de_de":"","name_i18n-key":"","description":"","fontsize":"12","fontweight":"normal","fontstyle":"normal","fontcolor":"#000000","availablecondition":"","availablecondition-run":"","includeinhistory":false,"itemdirectactivationcondition":"","itemdirectactivationcondition-run":"","itemignoreactivationcondition":"","itemignoreactivationcondition-run":"","itemdefaultactivationcondition":"","itemdefaultactivationcondition-run":"","eventlistenerpermissiongroups":"","eventlistenerpermissiongroups-run":"","eventlistenerpermissionusers":"","eventlistenerpermissionusers-run":"","eventlistenername":"","eventlistenername_en_us":"","eventlistenername_en_us-run":"","eventlistenername_it_it":"","eventlistenername_it_it-run":"","eventlistenername_es_es":"","eventlistenername_es_es-run":"","eventlistenername_fr_fr":"","eventlistenername_fr_fr-run":"","eventlistenername_de_de":"","eventlistenername_de_de-run":"","eventlistenername-run":"","eventlistenername_i18n-key":"","eventlistenerchannels":"","eventlistenerchannels-run":"","eventlistenerpriority":"","eventlistenerpriority-run":"","type":"","type-run":"","exposetoobjectitems":"","exposeasmessageitems":""},"ssextensions":[],"outgoing":[],"dockers":[{"x":455,"y":425}],"labels":[{"styles":{"fill":"#000000","size":"12","italic":false,"bold":false},"ref":"text_name"}]}],"bounds":{"lowerRight":{"x":788,"y":799},"upperLeft":{"x":30,"y":45}},"specialproperties":{"formreference":{"type":"treeview"},"workformreference":{"type":"treeview"},"inboundchannelreference":{"type":"treeview","placeholder":"inboundchannelkey"}},"outputmappingproperties":{"planitemlifecyclelisteners":{"type":"complex","placeholders":[]},"workforminputmappings":{"type":"complex","placeholders":[]}},"properties":{"stencilid":"CasePlanModel","stencilsuperid":"CasePlanModel","stencilsuperids":["CasePlanModel"],"customstencil":false,"bordercolor":"#000000","notes":"","planitemlifecyclelisteners":"","bgcolor":"#ffffff","id":"onecaseplanmodel1","name":"Case plan model","name_en_us":"Case plan model","name_it_it":"","name_es_es":"","name_fr_fr":"","name_de_de":"","name_i18n-key":"","description":"","fontsize":"12","fontweight":"normal","fontstyle":"normal","fontcolor":"#000000","autocomplete":false,"autocomplete-run":"","formreference":"","samedeployment":true,"formfieldvalidation":false,"formfieldvalidation-run":"","workformreference":"","workformsamedeployment":true,"workformfieldvalidation":false,"workformfieldvalidation-run":"","workforminputmappingtype":"allowed","workforminputmappings":"","inboundstarteventconfiguration":"","inboundchannelreference":"","inboundchannelkey":""},"ssextensions":[],"outgoing":[{"resourceId":"exitCriterion1"}],"dockers":[],"labels":[{"styles":{"fill":"#000000","size":"12","italic":false,"bold":false},"ref":"text_name"}]},{"resourceId":"connector1","stencil":{"id":"Connector"},"pathProperties":{},"pathMappingProperties":{},"xmlProperties":[],"childShapes":[],"bounds":{"lowerRight":{"x":778,"y":386},"upperLeft":{"x":620,"y":386}},"properties":{"stencilid":"Connector","stencilsuperid":"Connector","stencilsuperids":["Connector"],"customstencil":false,"bordercolor":"#000000","notes":"","id":"connector1","name":"occur","name_en_us":"occur","name_it_it":"occur","name_es_es":"occur","name_fr_fr":"occur","name_de_de":"occur","name_i18n-key":"","description":"","fontsize":"12","fontweight":"normal","fontstyle":"normal","fontcolor":"#000000","standardevent":"occur","display_ref_in_diagram":true},"ssextensions":[],"outgoing":[{"resourceId":"exitCriterion1"}],"dockers":[{"x":15.498000000000022,"y":15.500999999999987},{"x":9,"y":14}],"labels":[{"styles":{"fill":"#000000","size":"12","italic":false,"bold":false},"ref":"text_name"}],"target":{"resourceId":"exitCriterion1"}},{"resourceId":"exitCriterion1","stencil":{"id":"ExitCriterion"},"pathProperties":{},"pathMappingProperties":{},"xmlProperties":[],"childShapes":[],"bounds":{"lowerRight":{"x":797,"y":400},"upperLeft":{"x":779,"y":372}},"properties":{"stencilid":"ExitCriterion","stencilsuperid":"ExitCriterion","stencilsuperids":["ExitCriterion"],"customstencil":false,"fontsize":"12","notes":"","fontweight":"normal","fontstyle":"normal","fontcolor":"#000000","id":"exitCriterion1","name":"","name_en_us":"","name_it_it":"","name_es_es":"","name_fr_fr":"","name_de_de":"","name_i18n-key":"","description":"","condition":"","triggermode":"deferred","exittype":"default","exiteventtype":"complete"},"ssextensions":[],"outgoing":[],"dockers":[{"x":744,"y":341}]}],"bounds":{"lowerRight":{"x":1485,"y":1050},"upperLeft":{"x":0,"y":0}},"specialproperties":{"casesequence":{"type":"treeview"},"securitypolicy":{"type":"treeview"}},"outputmappingproperties":{"customcaseviewelements":{"type":"formlist","placeholders":[]},"modelstatuselements":{"type":"formlist","placeholders":[]},"allowedhistoricvariables":{"type":"complex","placeholders":[]},"namespaces":{"type":"complex","placeholders":[]}},"properties":{"stencilid":"CASEDiagram","stencilsuperid":"CASEDiagram","stencilsuperids":["CASEDiagram"],"customstencil":false,"owner":"","owner-run":"","notes":"","assignee":"","assignee-run":"","participantusers":"","participantusers-run":"","participantgroups":"","participantgroups-run":"","watcherusers":"","watcherusers-run":"","watchergroups":"","watchergroups-run":"","customcaseviewelements":"","defaultmenunavigationsize":"expanded","customcaseviewheadersize":"","customcaseviewheadersize-run":"","modelstatuselements":"","async":false,"exclusive":"","id":"scooter","name":"Scooter","name_en_us":"","name_it_it":"","name_es_es":"","name_fr_fr":"","name_de_de":"","name_i18n-key":"","description":"","fontsize":"12","fontweight":"normal","fontstyle":"normal","fontcolor":"#000000","labelexpression":"","creationdate":"2022-04-25T13:26:16.930Z","modificationdate":"2022-04-25T13:39:23.455Z","casesequence":"","casesequence-run":"","casesequencevariablename":"","casesequencevariablename-run":"","caseinstancename":"","caseinstancename_en_us":"","caseinstancename_en_us-run":"","caseinstancename_it_it":"","caseinstancename_it_it-run":"","caseinstancename_es_es":"","caseinstancename_es_es-run":"","caseinstancename_fr_fr":"","caseinstancename_fr_fr-run":"","caseinstancename_de_de":"","caseinstancename_de_de-run":"","caseinstancename-run":"","caseinstancename_i18n-key":"","caseinstancebusinessstatus":"","caseinstancebusinessstatus-run":"","caseinstancebusinesskey":"","caseinstancebusinesskey-run":"","securitypolicy":"","allowedhistoricvariables":"","customfolderpath":"","case_potentialstarteruser":"","case_potentialstarteruser-run":"","case_potentialstartergroup":"flowableUser","case_potentialstartergroup-run":"","do-not-inherit-start-user-as-owner":"","do-not-inherit-start-user-as-assignee":"","version":"","author":"","case_initiatorvariablename":"initiator","case_namespace":"","namespaces":"","casehistorylevel":""},"ssextensions":[],"stencilset":{"url":"./app/editor_stencilset","paletteKey":"flowable-case-palette","namespace":"http://b3mn.org/stencilset/case1.0#"}}}