{"id":"PAGE_MODEL-2a4fcae2-8fc1-4a03-b078-5a3eea9fc859","name":"Scooter List","key":"scooterList","description":"","tenantId":"default","editorJson":{"resourceId":"editor_PAGE_MODEL-2a4fcae2-8fc1-4a03-b078-5a3eea9fc859","stencil":{"id":"XForm"},"pathProperties":{"outcomes":"outcomes","outcomevariablename":"outcomeVariableName","dialog-size":"dialogSize","dialog-size-run":"dialogSize","dialog-title":"dialogTitle","dialog-title_en_us":"i18n.en_us.dialogTitle","dialog-title_it_it":"i18n.it_it.dialogTitle","dialog-title_es_es":"i18n.es_es.dialogTitle","dialog-title_fr_fr":"i18n.fr_fr.dialogTitle","dialog-title_de_de":"i18n.de_de.dialogTitle","dialog-title_i18n-key":"dialogTitle","dialog-description":"dialogDescription","force-validation":"forceValidation","custom-validations":"customValidations","validation-panel-display":"extraSettings.validationPanelDisplay"},"pathMappingProperties":{},"xmlProperties":[],"childShapes":[{"resourceId":"panel1","stencil":{"id":"SlotPanel"},"pathProperties":{"id":"id"},"pathMappingProperties":{},"xmlProperties":[],"childShapes":[{"resourceId":"datatable1","stencil":{"id":"base-datatable"},"pathProperties":{"label":"label","label_en_us":"i18n.en_us.label","label_it_it":"i18n.it_it.label","label_es_es":"i18n.es_es.label","label_fr_fr":"i18n.fr_fr.label","label_de_de":"i18n.de_de.label","label_i18n-key":"label","enabled":"enabled","enabled-run":"enabled","datasource":"extraSettings.dataSource","options":"extraSettings.items","options-run":"extraSettings.items","table-key":"extraSettings.tableKey","table-key-run":"extraSettings.tableKey","master-data-include-translations":"extraSettings.masterDataIncludeTranslations","query-url":"extraSettings.queryUrl","query-url-run":"extraSettings.queryUrl","lookup-url":"extraSettings.lookupUrl","lookup-url-run":"extraSettings.lookupUrl","query-params":"extraSettings.queryParams","path":"extraSettings.path","search-query":"extraSettings.searchQuery","link-target-view":"extraSettings.linkTargetView","format-item":"extraSettings.formatItem","auto-complete-type":"extraSettings.storage","serialize-item":"extraSettings.identity","serialize-item-master":"extraSettings.identity","serialize-item-full":"extraSettings.identity","link-item":"extraSettings.linkUrl","link-target":"extraSettings.linkTarget","label-position":"labelAlign","tooltip":"tooltip","tooltip_en_us":"i18n.en_us.tooltip","tooltip_it_it":"i18n.it_it.tooltip","tooltip_es_es":"i18n.es_es.tooltip","tooltip_fr_fr":"i18n.fr_fr.tooltip","tooltip_de_de":"i18n.de_de.tooltip","tooltip_i18n-key":"tooltip","value":"value","default-value":"defaultValue","description":"description","description_en_us":"i18n.en_us.description","description_it_it":"i18n.it_it.description","description_es_es":"i18n.es_es.description","description_fr_fr":"i18n.fr_fr.description","description_de_de":"i18n.de_de.description","description_i18n-key":"description","col-span":"size","ignored":"ignore","ignored-run":"ignore","visible":"visible","visible-run":"visible","required":"isRequired","required-run":"isRequired","style-class":"styleClass","custom-validations":"customValidations","validation-panel-display":"extraSettings.validationPanelDisplay","id":"id","selectable":"extraSettings.selectable","output-num-rows":"extraSettings.output.numRows","infinite-scroll":"extraSettings.infiniteScroll","infinite-scroll-visible-elements":"extraSettings.infiniteScrollVisibleElements","show-pagination":"extraSettings.showPagination","show-pagination-run":"extraSettings.showPagination","auto-hide-pagination":"extraSettings.autoHidePagination","auto-hide-pagination-run":"extraSettings.autoHidePagination","client-pagination":"extraSettings.clientPagination","expandable-panel":"extraSettings.expandablePanel","expandable-panel-run":"extraSettings.expandablePanel","configurable-columns":"extraSettings.sortableColumns","configurable-columns-run":"extraSettings.sortableColumns","columns":"extraSettings.columns","filterable":"extraSettings.filterable","sortable":"extraSettings.sortable","multi-sort":"extraSettings.multiSort","page-size":"extraSettings.pageSize","page-size-options":"extraSettings.pageSizeOptions","show-total-records":"extraSettings.showTotalRecords","path-run":"extraSettings.path","response":"extraSettings.response","show-refresh-button":"extraSettings.showRefreshButton","refresh-time":"extraSettings.refreshTime","refresh-time-run":"extraSettings.refreshTime","data-polling-on-init":"extraSettings.dataPollingOnInit","url":"extraSettings.url","target":"extraSettings.target","sort-asc":"extraSettings.sortAsc","sort-desc":"extraSettings.sortDesc","sort-pattern":"extraSettings.sortPattern","sort-separator":"extraSettings.sortSeparator","filter-pattern":"extraSettings.filterPattern","filter-separator":"extraSettings.filterSeparator","no-data-message":"extraSettings.noDataMessage","no-data-message_en_us":"i18n.en_us.extraSettings.noDataMessage","no-data-message_it_it":"i18n.it_it.extraSettings.noDataMessage","no-data-message_es_es":"i18n.es_es.extraSettings.noDataMessage","no-data-message_fr_fr":"i18n.fr_fr.extraSettings.noDataMessage","no-data-message_de_de":"i18n.de_de.extraSettings.noDataMessage","no-data-message_i18n-key":"extraSettings.noDataMessage","no-data-position":"extraSettings.nodataPosition","conditional-formatting":"extraSettings.conditionalFormatting","favorite-key":"extraSettings.favorite.key"},"pathMappingProperties":{"dataobjectselectsearch":{"operationKey":"extraSettings.dataObjectOperationKey","lookupIdName":"extraSettings.identity","queryParams":"extraSettings.queryParams","key":"extraSettings.dataObjectDefinitionKey"},"dataobjectselectsearch-run":{"operationKey":"extraSettings.dataObjectOperationKey","lookupIdName":"extraSettings.identity","queryParams":"extraSettings.queryParams","key":"extraSettings.dataObjectDefinitionKey"}},"xmlProperties":["table-key","table-key-run","query-url","query-url-run","lookup-url","lookup-url-run","dataobjectselectsearch","dataobjectselectsearch-run","query-params","path","format-item","auto-complete-type","serialize-item","serialize-item-master","serialize-item-full","link-item","path-run"],"childShapes":[],"bounds":{"lowerRight":{"x":984,"y":166},"upperLeft":{"x":15,"y":74}},"specialproperties":{"expandable-panel":{"type":"treeview"}},"outputmappingproperties":{"options":{"type":"complex","placeholders":[]},"query-params":{"type":"formlist","placeholders":[]},"custom-validations":{"type":"formlist","placeholders":[]},"columns":{"type":"formlist","placeholders":[]},"page-size-options":{"type":"complex","placeholders":[]},"response":{"type":"complexkeyvalue","keymap":{"type":"simpletext","key":"key"},"valuemap":{"type":"simpletext","key":"value"}},"conditional-formatting":{"type":"complex","placeholders":[]}},"properties":{"stencilid":"cloud-datatable","stencilsuperid":"base-datatable","stencilsuperids":["base-datatable"],"customstencil":false,"bordercolor":"#000000","notes":"","label":"Scooters","label_en_us":"Scooters","label_it_it":"","label_es_es":"","label_fr_fr":"","label_de_de":"","label_i18n-key":"","enabled":true,"enabled-run":"","datasource":"Rest","options":"","options-run":"","table-key":"","table-key-run":"","master-data-include-translations":false,"query-url":"{{endpoints.cmmn}}/cmmn-runtime/case-instances","query-url-run":"{{endpoints.cmmn}}/cmmn-runtime/case-instances","lookup-url":"","lookup-url-run":"","dataobjectselectsearch":"","dataobjectselectsearch-run":"","query-params":{"totalCount":5,"items":[{"name":"caseDefinitionKey","value":"scooter","defaultValue":""},{"name":"size","value":"{{$pageSize}}","defaultValue":""},{"name":"start","value":"{{$start}}","defaultValue":""},{"name":"includeCaseVariables","value":"true","defaultValue":""},{"name":"refresh","value":"{{$temp.refresh}}","defaultValue":""}]},"path":"data","search-query":"","link-target-view":"browse","format-item":"","auto-complete-type":"Id","serialize-item":"id","serialize-item-master":"id","serialize-item-full":"","link-item":"","link-target":"_blank","label-position":"top","tooltip":"","tooltip_en_us":"","tooltip_it_it":"","tooltip_es_es":"","tooltip_fr_fr":"","tooltip_de_de":"","tooltip_i18n-key":"","value":"{{scooterList}}","default-value":"","description":"","description_en_us":"","description_it_it":"","description_es_es":"","description_fr_fr":"","description_de_de":"","description_i18n-key":"","col-span":"1","ignored":false,"ignored-run":"","visible":true,"visible-run":"","required":false,"required-run":"","style-class":"","documentation":"","custom-validations":"","validation-panel-display":"show","id":"datatable1","width":"200","height":"","col":1,"col-align":"fill","col-weight":"","row":2,"row-align":"top","row-weight":"","size":12,"description-position":"bottom","description-align":"left","node-type":"","selectable":"Multiple","output-num-rows":"","infinite-scroll":true,"infinite-scroll-visible-elements":"","show-pagination":true,"show-pagination-run":"","auto-hide-pagination":true,"auto-hide-pagination-run":"","client-pagination":true,"expandable-panel":"","expandable-panel-run":"","configurable-columns":false,"configurable-columns-run":"","columns":{"totalCount":3,"items":[{"id":"id","accessor":"id","label":"ID","filterable":false,"sortable":false,"maxWidth":"","minWidth":"","width":"","alignment":"left","className":"","show":true,"show_rt":"","component":""},{"id":"initiator","accessor":"initiator","label":"Initiator","filterable":false,"sortable":false,"maxWidth":"","minWidth":"","width":"","alignment":"left","className":"","show":true,"show_rt":"","component":{"type":"htmlComponent","value":"{{flw.find($item.variables, 'name', 'initiator').value}}"}},{"id":"charger","accessor":"charger","label":"Charger","filterable":false,"sortable":false,"maxWidth":"","minWidth":"","width":"","alignment":"left","className":"","show":true,"show_rt":"","component":{"type":"htmlComponent","value":"{{flw.find($item.variables, 'name', 'charger').value}}"}}]},"filterable":false,"sortable":false,"multi-sort":false,"page-size":"","page-size-options":{"totalCount":6,"items":[{"page-size":5},{"page-size":10},{"page-size":20},{"page-size":25},{"page-size":50},{"page-size":100}]},"show-total-records":false,"path-run":"data","response":{"total":"total"},"show-refresh-button":true,"refresh-time":"","refresh-time-run":"","data-polling-on-init":false,"url":"#/{{$route.currentAppId}}/{{$route.currentPageId}}/case/{{$row.id}}","target":"_self","sort-asc":"","sort-desc":"","sort-pattern":"","sort-separator":"","filter-pattern":"","filter-separator":"","no-data-message":"","no-data-message_en_us":"","no-data-message_it_it":"","no-data-message_es_es":"","no-data-message_fr_fr":"","no-data-message_de_de":"","no-data-message_i18n-key":"","no-data-position":"middle-center","conditional-formatting":"","favorite-key":"","xmlTag":"dataTable"},"ssextensions":[],"outgoing":[],"dockers":[],"labels":[{"styles":{"fill":"#000000","size":"12","italic":false,"bold":false},"ref":"label_text"},{"styles":{"fill":"#000000","size":"12","italic":false,"bold":false},"ref":"input_text"},{"styles":{"fill":"#000000","size":"12","italic":false,"bold":false},"ref":"input_dependent_text_1"},{"styles":{"fill":"#000000","size":"12","italic":false,"bold":false},"ref":"desc_text"}]},{"resourceId":"work-action1","stencil":{"id":"Button"},"pathProperties":{"button-text":"extraSettings.text","button-text_en_us":"i18n.en_us.extraSettings.text","button-text_it_it":"i18n.it_it.extraSettings.text","button-text_es_es":"i18n.es_es.extraSettings.text","button-text_fr_fr":"i18n.fr_fr.extraSettings.text","button-text_de_de":"i18n.de_de.extraSettings.text","button-text_i18n-key":"extraSettings.text","button-script":"extraSettings.script","button-script-timer":"extraSettings.timer","rest-button-auto-execute":"extraSettings.autoExecute","rest-button-auto-execute-run":"extraSettings.autoExecute","rest-button-execute-always":"extraSettings.executeAlways","label":"label","label_en_us":"i18n.en_us.label","label_it_it":"i18n.it_it.label","label_es_es":"i18n.es_es.label","label_fr_fr":"i18n.fr_fr.label","label_de_de":"i18n.de_de.label","label_i18n-key":"label","button-alignment":"extraSettings.alignment","button-alignment-run":"extraSettings.alignment","button-icon-url":"extraSettings.iconUrl","button-icon-alignment":"extraSettings.iconAlignment","button-tooltip":"extraSettings.tooltip","button-tooltip_en_us":"i18n.en_us.extraSettings.tooltip","button-tooltip_it_it":"i18n.it_it.extraSettings.tooltip","button-tooltip_es_es":"i18n.es_es.extraSettings.tooltip","button-tooltip_fr_fr":"i18n.fr_fr.extraSettings.tooltip","button-tooltip_de_de":"i18n.de_de.extraSettings.tooltip","button-tooltip_i18n-key":"extraSettings.tooltip","primary":"primary","primary-run":"primary","label-position":"labelAlign","tooltip":"tooltip","tooltip_en_us":"i18n.en_us.tooltip","tooltip_it_it":"i18n.it_it.tooltip","tooltip_es_es":"i18n.es_es.tooltip","tooltip_fr_fr":"i18n.fr_fr.tooltip","tooltip_de_de":"i18n.de_de.tooltip","tooltip_i18n-key":"tooltip","value":"value","default-value":"defaultValue","description":"description","description_en_us":"i18n.en_us.description","description_it_it":"i18n.it_it.description","description_es_es":"i18n.es_es.description","description_fr_fr":"i18n.fr_fr.description","description_de_de":"i18n.de_de.description","description_i18n-key":"description","col-span":"size","ignored":"ignore","ignored-run":"ignore","visible":"visible","visible-run":"visible","enabled":"enabled","enabled-run":"enabled","required":"isRequired","required-run":"isRequired","style-class":"styleClass","custom-validations":"customValidations","validation-panel-display":"extraSettings.validationPanelDisplay","id":"id","actiondefinitionkey":"extraSettings.actionDefinitionKey","scopedefinitionid":"extraSettings.scopeDefinitionId","scopedefinitionid-run":"extraSettings.scopeDefinitionId","scopeid":"extraSettings.scopeId","scopeid-run":"extraSettings.scopeId","scopetype":"extraSettings.scopeType","scopetype-run":"extraSettings.scopeType","send-full-payload":"extraSettings.sendFullPayload","send-full-scope":"extraSettings.sendFullScope","sendpayloadmapping":"extraSettings.sendPayloadMapping","map-full-response":"extraSettings.mapFullResponse","map-response-inside-scope":"extraSettings.mapResponseInsideScope","responsepayloadmapping":"extraSettings.responsePayloadMapping","send-scope-id-to-get-definition":"extraSettings.sendScopeIdToGetDefinition","navigationurl":"extraSettings.navigationUrl","navigationurl-run":"extraSettings.navigationUrl","permission-groups":"extraSettings.permissionGroups"},"pathMappingProperties":{},"xmlProperties":[],"childShapes":[],"bounds":{"lowerRight":{"x":984,"y":51},"upperLeft":{"x":671,"y":25}},"specialproperties":{"actiondefinitionkey":{"type":"treeview"}},"outputmappingproperties":{"custom-validations":{"type":"formlist","placeholders":[]},"sendpayloadmapping":{"type":"complex","placeholders":[]},"responsepayloadmapping":{"type":"complex","placeholders":[]}},"properties":{"stencilid":"work-action","stencilsuperid":"Button","stencilsuperids":["Component"],"customstencil":false,"required":"","notes":"","button-text":"Assign Charger","button-text_en_us":"Assign Charger","button-text_it_it":"","button-text_es_es":"","button-text_fr_fr":"","button-text_de_de":"","button-text_i18n-key":"","value":".","description":"","visible":true,"ignored":false,"style-class":"","default-value":"","button-script":"{{example + 1}}","button-script-timer":"","rest-button-auto-execute":false,"rest-button-auto-execute-run":"","rest-button-execute-always":false,"bordercolor":"#000000","label":"","label_en_us":"","label_it_it":"","label_es_es":"","label_fr_fr":"","label_de_de":"","label_i18n-key":"","button-alignment":"left","button-alignment-run":"","button-icon-url":"","button-icon-alignment":"right","button-tooltip":"","button-tooltip_en_us":"","button-tooltip_it_it":"","button-tooltip_es_es":"","button-tooltip_fr_fr":"","button-tooltip_de_de":"","button-tooltip_i18n-key":"","primary":false,"primary-run":"","label-position":"top","tooltip":"","tooltip_en_us":"","tooltip_it_it":"","tooltip_es_es":"","tooltip_fr_fr":"","tooltip_de_de":"","tooltip_i18n-key":"","description_en_us":"","description_it_it":"","description_es_es":"","description_fr_fr":"","description_de_de":"","description_i18n-key":"","col-span":"1","ignored-run":"","visible-run":"","enabled":true,"enabled-run":"","documentation":"","custom-validations":"","validation-panel-display":"show","id":"work-action1","width":"200","height":"","col":9,"col-align":"fill","col-weight":"","row":1,"row-align":"top","row-weight":"","size":4,"description-position":"bottom","description-align":"left","node-type":"","button-alignement":"","button-icon-alignement":"","actiondefinitionkey":{"id":"ACTION_MODEL-e3066db5-53c9-49a9-836e-18d0cae53e7e","key":"exercise7"},"scopedefinitionid":"","scopedefinitionid-run":"","scopeid":"","scopeid-run":"","scopetype":"","scopetype-run":"","send-full-payload":false,"send-full-scope":false,"sendpayloadmapping":{"totalCount":1,"items":[{"name":"scooterList","expression":"{{scooterList}}"}]},"map-full-response":false,"map-response-inside-scope":false,"responsepayloadmapping":{"totalCount":1,"items":[{"name":"$temp.refresh","expression":"{{flw.now()}}"}]},"send-scope-id-to-get-definition":true,"navigationurl":"","navigationurl-run":"","permission-groups":"","xmlTag":"workAction"},"ssextensions":[],"outgoing":[],"dockers":[],"labels":[{"styles":{"fill":"#000000","size":"12","italic":false,"bold":false},"ref":"label_text"},{"styles":{"fill":"#000000","size":"12","italic":false,"bold":false},"ref":"input_text"},{"styles":{"fill":"#000000","size":"12","italic":false,"bold":false},"ref":"desc_text"}]},{"resourceId":"output1","stencil":{"id":"Output"},"pathProperties":{"label":"label","label_en_us":"i18n.en_us.label","label_it_it":"i18n.it_it.label","label_es_es":"i18n.es_es.label","label_fr_fr":"i18n.fr_fr.label","label_de_de":"i18n.de_de.label","label_i18n-key":"label","label-position":"labelAlign","tooltip":"tooltip","tooltip_en_us":"i18n.en_us.tooltip","tooltip_it_it":"i18n.it_it.tooltip","tooltip_es_es":"i18n.es_es.tooltip","tooltip_fr_fr":"i18n.fr_fr.tooltip","tooltip_de_de":"i18n.de_de.tooltip","tooltip_i18n-key":"tooltip","value":"value","default-value":"defaultValue","description":"description","description_en_us":"i18n.en_us.description","description_it_it":"i18n.it_it.description","description_es_es":"i18n.es_es.description","description_fr_fr":"i18n.fr_fr.description","description_de_de":"i18n.de_de.description","description_i18n-key":"description","col-span":"size","ignored":"ignore","ignored-run":"ignore","visible":"visible","visible-run":"visible","enabled":"enabled","enabled-run":"enabled","required":"isRequired","required-run":"isRequired","style-class":"styleClass","custom-validations":"customValidations","validation-panel-display":"extraSettings.validationPanelDisplay","id":"id","height":"height","value_en_us":"i18n.en_us.value","value_it_it":"i18n.it_it.value","value_es_es":"i18n.es_es.value","value_fr_fr":"i18n.fr_fr.value","value_de_de":"i18n.de_de.value","value_i18n-key":"value"},"pathMappingProperties":{},"xmlProperties":[],"childShapes":[],"bounds":{"lowerRight":{"x":984,"y":241},"upperLeft":{"x":15,"y":191}},"outputmappingproperties":{"custom-validations":{"type":"formlist","placeholders":[]}},"properties":{"stencilid":"cloud-output","stencilsuperid":"Output","stencilsuperids":["Output"],"customstencil":false,"bordercolor":"#000000","notes":"","label":"","label_en_us":"","label_it_it":"","label_es_es":"","label_fr_fr":"","label_de_de":"","label_i18n-key":"","label-position":"top","tooltip":"","tooltip_en_us":"","tooltip_it_it":"","tooltip_es_es":"","tooltip_fr_fr":"","tooltip_de_de":"","tooltip_i18n-key":"","value":"<p>Typically the table would be done with an Elasticsearch based endpoint of the REST API. To simplify the setup we disabled Elasticsearch (no docker or Elasticsearch required). This setup shouldn't be used in production due to performance constraints.</p>\n","default-value":"false","description":"","description_en_us":"","description_it_it":"","description_es_es":"","description_fr_fr":"","description_de_de":"","description_i18n-key":"","col-span":"1","ignored":false,"ignored-run":"","visible":true,"visible-run":"","enabled":true,"enabled-run":"","required":false,"required-run":"","style-class":"","documentation":"","custom-validations":"","validation-panel-display":"show","id":"output1","width":"200","height":"","col":1,"col-align":"fill","col-weight":"","row":3,"row-align":"top","row-weight":"","size":12,"description-position":"bottom","description-align":"left","node-type":"","value_en_us":"<p>Typically the table would be done with an Elasticsearch based endpoint of the REST API. To simplify the setup we disabled Elasticsearch (no docker or Elasticsearch required). This setup shouldn't be used in production due to performance constraints.</p>\n","value_it_it":"","value_es_es":"","value_fr_fr":"","value_de_de":"","value_i18n-key":"","max-length":"","rich-text":true,"xmlTag":"htmlComponent"},"ssextensions":[],"outgoing":[],"dockers":[],"labels":[{"styles":{"fill":"#000000","size":"12","italic":false,"bold":false},"ref":"label_text"},{"styles":{"fill":"#000000","size":"12","italic":false,"bold":false},"ref":"input_text"},{"styles":{"fill":"#000000","size":"12","italic":false,"bold":false},"ref":"desc_text"}]}],"bounds":{"lowerRight":{"x":1049,"y":314},"upperLeft":{"x":50,"y":50}},"oldResourceId":"sid-8D9FC954-EB33-4C05-ADF0-5706EF50E974","properties":{"stencilid":"SlotPanel","stencilsuperid":"SlotPanel","stencilsuperids":["SlotPanel"],"customstencil":false,"id":"panel1","notes":"","width":"300"},"ssextensions":[],"outgoing":[],"dockers":[]}],"bounds":{"lowerRight":{"x":1485,"y":1050},"upperLeft":{"x":0,"y":0}},"outputmappingproperties":{"outcomes":{"type":"formlist","placeholders":[]},"custom-validations":{"type":"formlist","placeholders":[]}},"properties":{"stencilid":"XForm","stencilsuperid":"XForm","stencilsuperids":["XForm"],"customstencil":false,"id":"scooterList","notes":"","name":"Scooter List","guid":"PAGE_MODEL-2a4fcae2-8fc1-4a03-b078-5a3eea9fc859","creationdate":"2022-04-25T13:26:16.926Z","modificationdate":"2022-04-25T14:00:51.358Z","outcomes":"","outcomevariablename":"","dialog-size":"","dialog-size-run":"","dialog-title":"","dialog-title_en_us":"","dialog-title_it_it":"","dialog-title_es_es":"","dialog-title_fr_fr":"","dialog-title_de_de":"","dialog-title_i18n-key":"","dialog-description":"","force-validation":"","custom-validations":"","validation-panel-display":"show","description":""},"ssextensions":[],"stencilset":{"url":"./app/editor_stencilset","paletteKey":"flowable-page-palette","namespace":"http://b3mn.org/stencilset/pages2.0#"}}}